seller_id,categoria
51037,Supermercado
99234,Moda
58877,Moda
62730,Supermercado
61580,Tecnología
61811,Juegos y Juguetes
88408,Tecnología
67317,Tecnología
64481,Tecnología
50991,Tecnología
50958,Tecnología
58446,Tecnología
60136,Tecnología
56591,Tecnología
51033,Tecnología
62817,Tecnología
63078,Tecnología
50962,Tecnología
50989,Tecnología
50954,Tecnología
63210,Tecnología
52671,Tecnología
54237,Tecnología
50935,Tecnología
62960,Tecnología
50934,Tecnología
66191,Tecnología
50938,Tecnología
50937,Tecnología
65270,Tecnología
51212,Tecnología
50969,Tecnología
68733,Tecnología
51046,Tecnología
56091,Tecnología
56090,Tecnología
50993,Tecnología
58134,Tecnología
59659,Tecnología
65238,Tecnología
66195,Tecnología
66297,Tecnología
62833,Tecnología
87968,Tecnología
87999,Tecnología
87989,Tecnología
87990,Tecnología
87988,Tecnología
87985,Tecnología
87984,Tecnología
88804,Inmuebles
55394,Tecnología
51051,Tecnología
62729,Tecnología
51029,Tecnología
51022,Tecnología
65557,Tecnología
50994,Tecnología
51064,Tecnología
51074,Tecnología
51076,Tecnología
54159,Tecnología
51065,Tecnología
51017,Tecnología
51066,Tecnología
51081,Tecnología
51050,Tecnología
52801,Tecnología
54398,Tecnología
62263,Tecnología
54838,Tecnología
61263,Tecnología
56702,Tecnología
58717,Tecnología
67823,Tecnología
67940,Tecnología
88792,Tecnología
88791,Tecnología
66999,Tecnología
57798,Tecnología
50998,Tecnología
51012,Tecnología
59945,Tecnología
50933,Tecnología
52420,Tecnología
54165,Tecnología
50931,Tecnología
52421,Tecnología
58227,Tecnología
50997,Tecnología
52423,Tecnología
50982,Tecnología
50929,Tecnología
57034,Tecnología
60330,Tecnología
57799,Tecnología
52422,Tecnología
50941,Tecnología
53730,Tecnología
53616,Tecnología
55018,Tecnología
51018,Tecnología
55392,Tecnología
55391,Tecnología
56362,Tecnología
57416,Tecnología
65526,Tecnología
65524,Tecnología
66293,Tecnología
88930,Inmuebles
88796,Inmuebles
88729,Tecnología
89923,Tecnología
91376,Tecnología
91377,Tecnología
91411,Tecnología
92548,Tecnología
92550,Tecnología
59555,Tecnología
50943,Tecnología
51004,Tecnología
51075,Tecnología
50996,Tecnología
88119,Tecnología
59879,Tecnología
59948,Tecnología
52487,Tecnología
64418,Tecnología
65287,Tecnología
88515,Tecnología
54236,Tecnología
55125,Tecnología
51096,Tecnología
51257,Tecnología
53165,Tecnología
56704,Tecnología
56143,Tecnología
56142,Tecnología
58396,Tecnología
88964,Tecnología
58395,Tecnología
59255,Tecnología
62657,Tecnología
63557,Tecnología
59438,Tecnología
61685,Tecnología
64031,Tecnología
62705,Tecnología
66707,Tecnología
51311,Tecnología
50977,Tecnología
50976,Tecnología
51265,Tecnología
88060,Tecnología
50910,Tecnología
50880,Tecnología
50881,Tecnología
50882,Tecnología
52010,Tecnología
52011,Tecnología
50901,Tecnología
50926,Tecnología
50905,Tecnología
51982,Tecnología
54157,Tecnología
50899,Tecnología
50898,Tecnología
50906,Tecnología
50907,Tecnología
50902,Tecnología
50896,Tecnología
50908,Tecnología
54338,Tecnología
51979,Tecnología
59616,Tecnología
50903,Tecnología
50900,Tecnología
50904,Tecnología
50897,Tecnología
50971,Tecnología
53697,Tecnología
54017,Tecnología
54016,Tecnología
22984,Tecnología
54562,Tecnología
53696,Tecnología
53698,Tecnología
55118,Tecnología
55119,Tecnología
57053,Tecnología
58471,Tecnología
57032,Tecnología
57179,Tecnología
57177,Tecnología
57180,Tecnología
57176,Tecnología
57182,Tecnología
57178,Tecnología
58070,Tecnología
58476,Tecnología
60046,Tecnología
60437,Tecnología
60542,Tecnología
60920,Tecnología
57492,Tecnología
58072,Tecnología
50946,Tecnología
50947,Tecnología
89304,Tecnología
50945,Tecnología
50948,Tecnología
50975,Tecnología
50915,Tecnología
51267,Tecnología
53792,Tecnología
51014,Tecnología
53695,Tecnología
54922,Tecnología
60044,Tecnología
60045,Tecnología
61414,Tecnología
61576,Tecnología
62659,Tecnología
64114,Tecnología
64564,Tecnología
62823,Tecnología
62613,Tecnología
65234,Tecnología
99012,Tecnología
51101,Tecnología
51038,Tecnología
55189,Tecnología
60675,Tecnología
57793,Tecnología
55389,Tecnología
56881,Tecnología
57680,Tecnología
57555,Tecnología
56884,Tecnología
56890,Tecnología
56892,Tecnología
56889,Tecnología
56886,Tecnología
57554,Tecnología
56887,Tecnología
56888,Tecnología
56891,Tecnología
59886,Tecnología
60338,Tecnología
67029,Tecnología
54370,Tecnología
54675,Tecnología
56441,Tecnología
89702,Tecnología
56656,Tecnología
60340,Tecnología
59112,Tecnología
65176,Tecnología
65175,Tecnología
65236,Tecnología
67539,Tecnología
56344,Tecnología
57997,Tecnología
58444,Tecnología
58684,Tecnología
58691,Tecnología
58685,Tecnología
58692,Tecnología
65502,Tecnología
58690,Tecnología
58682,Tecnología
59214,Tecnología
60334,Tecnología
60333,Tecnología
60335,Tecnología
60922,Tecnología
61656,Tecnología
62411,Tecnología
56350,Tecnología
56141,Tecnología
56269,Tecnología
56140,Tecnología
56657,Tecnología
56138,Tecnología
59385,Tecnología
63339,Tecnología
65242,Tecnología
66717,Tecnología
51059,Tecnología
61246,Tecnología
56935,Tecnología
99010,Tecnología
51036,Tecnología
51035,Tecnología
51013,Tecnología
51039,Tecnología
55979,Tecnología
55980,Tecnología
55981,Tecnología
60587,Tecnología
66291,Tecnología
66518,Tecnología
51016,Tecnología
50961,Tecnología
61879,Tecnología
88882,Tecnología
54563,Tecnología
60131,Tecnología
51298,Tecnología
64049,Tecnología
68716,Tecnología
55654,Tecnología
64974,Supermercado
50914,Tecnología
50920,Tecnología
50921,Tecnología
50981,Tecnología
90511,Tecnología
45130,Tecnología
55132,Tecnología
3145,Tecnología
3787,Tecnología
17505,Tecnología
16807,Tecnología
16758,Tecnología
18143,Tecnología
45512,Tecnología
17501,Tecnología
16982,Tecnología
88445,Tecnología
17144,Tecnología
53642,Tecnología
63171,Tecnología
49578,Tecnología
31496,Tecnología
44580,Tecnología
37926,Tecnología
63175,Tecnología
44579,Tecnología
30996,Tecnología
45327,Tecnología
49303,Tecnología
47670,Tecnología
53547,Tecnología
49174,Tecnología
99210,Inmuebles
68748,Tecnología
52720,Tecnología
56529,Tecnología
55613,Tecnología
43842,Tecnología
66017,Tecnología
88737,Tecnología
88793,Tecnología
188,Tecnología
65266,Tecnología
65542,Tecnología
17044,Tecnología
5625,Tecnología
18183,Tecnología
34004,Tecnología
42082,Tecnología
54742,Tecnología
49730,Tecnología
49193,Tecnología
16989,Tecnología
17676,Tecnología
17519,Tecnología
25358,Tecnología
28555,Tecnología
31230,Tecnología
811,Tecnología
49890,Tecnología
41104,Tecnología
44134,Tecnología
48925,Tecnología
46511,Tecnología
50381,Tecnología
61783,Tecnología
64432,Tecnología
88817,Tecnología
65033,Tecnología
66184,Tecnología
66680,Tecnología
66753,Tecnología
90392,Tecnología
90404,Tecnología
38117,Tecnología
17687,Tecnología
18194,Tecnología
18164,Tecnología
18313,Tecnología
17148,Tecnología
669,Tecnología
43753,Tecnología
18170,Tecnología
18196,Tecnología
4203,Tecnología
17664,Tecnología
18199,Tecnología
5748,Tecnología
17665,Tecnología
18142,Tecnología
16779,Tecnología
17513,Tecnología
17483,Tecnología
18298,Tecnología
7428,Tecnología
17451,Tecnología
18151,Tecnología
17276,Tecnología
109,Tecnología
17843,Tecnología
13701,Tecnología
12478,Tecnología
17285,Tecnología
17265,Tecnología
16971,Tecnología
18211,Tecnología
18213,Tecnología
21184,Tecnología
24846,Tecnología
55482,Tecnología
35529,Tecnología
26552,Tecnología
46754,Tecnología
31178,Tecnología
17537,Tecnología
33074,Tecnología
36400,Tecnología
44665,Tecnología
62423,Tecnología
47295,Tecnología
48509,Tecnología
50382,Tecnología
53875,Tecnología
1602,Tecnología
52721,Tecnología
44316,Tecnología
52718,Tecnología
36933,Tecnología
52717,Tecnología
58225,Tecnología
58998,Tecnología
63445,Tecnología
60504,Tecnología
67173,Tecnología
90408,Tecnología
6702,Tecnología
17496,Tecnología
18297,Tecnología
18185,Tecnología
17504,Tecnología
17499,Tecnología
547,Tecnología
642,Tecnología
649,Tecnología
619,Tecnología
727,Tecnología
17828,Tecnología
17117,Tecnología
17508,Tecnología
17262,Tecnología
4035,Tecnología
18146,Tecnología
12,Tecnología
17024,Tecnología
5030,Tecnología
50386,Tecnología
5757,Tecnología
5626,Tecnología
327,Tecnología
8057,Tecnología
51,Tecnología
3053,Tecnología
37798,Tecnología
4248,Tecnología
646,Tecnología
2927,Tecnología
728,Tecnología
17989,Tecnología
18102,Tecnología
46,Tecnología
18046,Tecnología
18184,Tecnología
17153,Tecnología
19241,Tecnología
22232,Tecnología
23382,Tecnología
31089,Tecnología
31714,Tecnología
32082,Tecnología
32224,Tecnología
33123,Tecnología
33385,Tecnología
33976,Tecnología
39373,Tecnología
55055,Tecnología
39613,Tecnología
40761,Tecnología
41186,Tecnología
41341,Tecnología
41340,Tecnología
41628,Tecnología
42081,Tecnología
42807,Tecnología
44243,Tecnología
44135,Tecnología
42429,Tecnología
48510,Tecnología
48978,Tecnología
49646,Tecnología
33144,Tecnología
49731,Tecnología
50186,Tecnología
16616,Tecnología
51349,Tecnología
53485,Tecnología
53893,Tecnología
55209,Tecnología
55971,Tecnología
57784,Tecnología
57925,Tecnología
61417,Tecnología
61465,Tecnología
5477,Tecnología
62342,Tecnología
63236,Tecnología
64394,Tecnología
64606,Tecnología
65258,Tecnología
89141,Tecnología
62919,Tecnología
48976,Tecnología
34114,Tecnología
44156,Tecnología
16739,Tecnología
7825,Tecnología
46757,Tecnología
17427,Tecnología
51924,Tecnología
52318,Tecnología
55056,Pharmacy
64177,Pharmacy
62341,Pharmacy
55129,Pharmacy
64176,Pharmacy
53720,Pharmacy
53974,Pharmacy
56072,Pharmacy
53718,Pharmacy
53578,Pharmacy
56107,Pharmacy
55651,Pharmacy
53719,Pharmacy
54916,Pharmacy
57576,Pharmacy
57579,Pharmacy
57649,Pharmacy
88444,Tecnología
55238,Tecnología
65387,Tecnología
54631,Tecnología
18191,Tecnología
104,Tecnología
54566,Tecnología
17061,Tecnología
66679,Tecnología
45465,Tecnología
44898,Tecnología
16635,Tecnología
804,Tecnología
16980,Tecnología
16827,Tecnología
17725,Tecnología
5574,Tecnología
16992,Tecnología
16800,Tecnología
23252,Tecnología
24662,Tecnología
47467,Tecnología
27865,Tecnología
45102,Tecnología
37498,Tecnología
29474,Tecnología
31773,Tecnología
35998,Tecnología
32532,Tecnología
34094,Tecnología
33706,Tecnología
34210,Tecnología
43362,Tecnología
49302,Tecnología
44687,Tecnología
46473,Tecnología
48143,Tecnología
48543,Tecnología
50150,Tecnología
57926,Tecnología
60779,Tecnología
61077,Tecnología
99213,Inmuebles
53023,Tecnología
53717,Tecnología
61078,Tecnología
60780,Tecnología
63238,Tecnología
99214,Inmuebles
52256,Tecnología
53508,Tecnología
63082,Tecnología
99212,Inmuebles
99215,Inmuebles
54008,Tecnología
50119,Tecnología
42714,Tecnología
58739,Tecnología
60833,Tecnología
64582,Tecnología
68359,Tecnología
51598,Tecnología
60932,Tecnología
535,Tecnología
17430,Tecnología
39803,Tecnología
29521,Tecnología
40414,Tecnología
42851,Tecnología
40844,Tecnología
50761,Tecnología
51431,Tecnología
53943,Tecnología
66736,Tecnología
63663,Tecnología
27102,Tecnología
32116,Tecnología
35010,Tecnología
39903,Tecnología
42135,Tecnología
45299,Tecnología
48740,Tecnología
51962,Tecnología
52857,Tecnología
68357,Tecnología
91327,Juegos y Juguetes
87411,Supermercado
40602,Tecnología
52430,Tecnología
99964,Tecnología
18139,Tecnología
3741,Tecnología
4159,Tecnología
17572,Tecnología
26474,Tecnología
31251,Tecnología
31514,Tecnología
42426,Tecnología
44754,Tecnología
66,Tecnología
52154,Tecnología
43070,Tecnología
55058,Tecnología
55590,Tecnología
56230,Tecnología
89402,Tecnología
90561,Tecnología
51847,Tecnología
62327,Tecnología
62308,Tecnología
63595,Tecnología
68245,Tecnología
100051,Tecnología
60287,Tecnología
57151,Tecnología
68269,Tecnología
90152,Tecnología
99261,Tecnología
99423,Tecnología
99266,Tecnología
89317,Tecnología
56601,Inmuebles
65551,Inmuebles
63087,Inmuebles
55740,Tecnología
55720,Tecnología
57002,Tecnología
56999,Tecnología
57000,Tecnología
59412,Tecnología
67210,Tecnología
68261,Tecnología
89089,Tecnología
55695,Inmuebles
56602,Inmuebles
56600,Inmuebles
63459,Inmuebles
56614,Tecnología
55757,Tecnología
66474,Tecnología
62103,Tecnología
66470,Tecnología
66473,Tecnología
66472,Tecnología
63807,Tecnología
67158,Tecnología
67001,Tecnología
67863,Tecnología
59073,Tecnología
55736,Tecnología
56883,Tecnología
55692,Tecnología
55687,Tecnología
56862,Tecnología
61942,Tecnología
60283,Tecnología
61996,Tecnología
63742,Tecnología
55719,Tecnología
56865,Tecnología
56864,Tecnología
59074,Tecnología
55684,Tecnología
55709,Tecnología
58338,Tecnología
88030,Tecnología
59215,Tecnología
62557,Tecnología
62562,Tecnología
55702,Tecnología
55682,Tecnología
57132,Tecnología
89846,Tecnología
61798,Tecnología
59176,Inmuebles
60089,Tecnología
89840,Tecnología
89838,Tecnología
57133,Tecnología
57003,Tecnología
89842,Tecnología
89841,Tecnología
89836,Tecnología
89837,Tecnología
59913,Tecnología
56603,Tecnología
59916,Tecnología
57313,Tecnología
59917,Tecnología
55729,Tecnología
59915,Tecnología
64501,Tecnología
55741,Tecnología
59900,Tecnología
56605,Tecnología
56606,Tecnología
59899,Tecnología
57142,Tecnología
56604,Tecnología
62408,Tecnología
55678,Tecnología
56612,Tecnología
55685,Tecnología
63183,Tecnología
60518,Tecnología
55680,Tecnología
57139,Tecnología
55703,Tecnología
60055,Tecnología
59795,Tecnología
62565,Tecnología
60639,Tecnología
57558,Pharmacy
55787,Tecnología
55493,Juegos y Juguetes
61745,Juegos y Juguetes
62292,Juegos y Juguetes
61758,Juegos y Juguetes
66702,Inmuebles
99066,Inmuebles
64412,Tecnología
62179,Tecnología
91215,Inmuebles
64014,Tecnología
61802,Tecnología
67068,Tecnología
99118,Tecnología
53218,Tecnología
68469,Tecnología
66672,Pets
99384,Tecnología
67228,Juegos y Juguetes
65628,Tecnología
55496,Tecnología
99094,Tecnología
48153,Tecnología
61744,Juegos y Juguetes
62201,Tecnología
34376,Tecnología
68450,Tecnología
57073,Tecnología
62541,Tecnología
56665,Tecnología
67341,Tecnología
59500,Tecnología
87671,Juegos y Juguetes
63025,Tecnología
67381,Tecnología
61413,Tecnología
16637,Tecnología
51919,Tecnología
87567,Tecnología
99105,Tecnología
66415,Tecnología
49066,Tecnología
65833,Juegos y Juguetes
65648,Tecnología
3283,Tecnología
87540,Tecnología
90528,Tecnología
61005,Tecnología
60082,Tecnología
38537,Tecnología
87930,Tecnología
32458,Tecnología
42587,Tecnología
67146,Tecnología
66410,Tecnología
62243,Tecnología
46249,Tecnología
35834,Tecnología
67826,Tecnología
65695,Tecnología
65763,Tecnología
65293,Tecnología
28719,Tecnología
63024,Tecnología
65641,Tecnología
53849,Tecnología
99551,Tecnología
53534,Tecnología
30278,Tecnología
30280,Tecnología
30291,Tecnología
30281,Tecnología
50012,Tecnología
56415,Tecnología
64285,Tecnología
62861,Tecnología
65621,Tecnología
89041,Tecnología
57878,Tecnología
62178,Tecnología
58131,Tecnología
46792,Tecnología
45867,Tecnología
48557,Tecnología
90030,Tecnología
61002,Tecnología
61800,Tecnología
99228,Tecnología
64047,Tecnología
62674,Tecnología
68536,Tecnología
64622,Tecnología
64901,Tecnología
62001,Tecnología
45099,Tecnología
61528,Tecnología
30446,Tecnología
17498,Tecnología
66391,Tecnología
67565,Tecnología
65828,Tecnología
65500,Tecnología
88318,Tecnología
62285,Tecnología
65459,Tecnología
63461,Tecnología
66488,Tecnología
66489,Tecnología
64625,Tecnología
67562,Tecnología
65501,Tecnología
65378,Tecnología
66392,Tecnología
65827,Tecnología
62141,Tecnología
67148,Tecnología
62153,Tecnología
67556,Tecnología
99378,Tecnología
65216,Tecnología
65215,Tecnología
67557,Tecnología
64316,Tecnología
68597,Tecnología
68643,Tecnología
59925,Tecnología
68184,Tecnología
68649,Tecnología
60039,Tecnología
59896,Tecnología
68648,Tecnología
54574,Tecnología
68200,Tecnología
53142,Tecnología
65351,Tecnología
89779,Tecnología
28073,Tecnología
66572,Tecnología
66557,Tecnología
66566,Tecnología
66563,Tecnología
63525,Tecnología
63801,Tecnología
66204,Tecnología
66202,Tecnología
66567,Tecnología
66216,Tecnología
66569,Tecnología
63549,Tecnología
66945,Tecnología
65925,Tecnología
63524,Tecnología
56578,Tecnología
66124,Tecnología
65482,Tecnología
61521,Tecnología
89460,Tecnología
55447,Tecnología
100005,Tecnología
94250,Tecnología
62644,Tecnología
62350,Tecnología
822,Tecnología
89699,Tecnología
51168,Tecnología
67368,Tecnología
61258,Tecnología
48817,Tecnología
27532,Tecnología
29111,Tecnología
30942,Tecnología
60017,Tecnología
60914,Tecnología
60012,Tecnología
66941,Tecnología
88505,Tecnología
61622,Tecnología
58695,Tecnología
67586,Tecnología
45584,Tecnología
67654,Tecnología
59498,Tecnología
63143,Tecnología
66436,Tecnología
62913,Tecnología
57736,Tecnología
23422,Tecnología
63247,Tecnología
57735,Tecnología
87714,Tecnología
16643,Tecnología
28376,Tecnología
28316,Tecnología
28364,Tecnología
28365,Tecnología
28315,Tecnología
28314,Tecnología
65942,Tecnología
87611,Tecnología
47184,Tecnología
62714,Tecnología
47345,Tecnología
61520,Tecnología
58065,Tecnología
62316,Tecnología
45345,Tecnología
55881,Tecnología
89785,Tecnología
42008,Tecnología
60505,Tecnología
56686,Tecnología
61407,Tecnología
65068,Tecnología
40677,Tecnología
56955,Tecnología
34937,Tecnología
88287,Tecnología
67243,Tecnología
63668,Tecnología
33494,Tecnología
33007,Tecnología
54634,Tecnología
60718,Tecnología
64734,Tecnología
61280,Tecnología
99545,Tecnología
61506,Tecnología
44205,Tecnología
29501,Tecnología
60845,Tecnología
47182,Tecnología
48272,Tecnología
54657,Tecnología
90273,Tecnología
47554,Tecnología
62637,Tecnología
54658,Tecnología
54650,Tecnología
64506,Tecnología
61299,Tecnología
65053,Tecnología
28049,Tecnología
49072,Tecnología
61012,Tecnología
66859,Tecnología
66887,Tecnología
66858,Tecnología
66902,Tecnología
87345,Tecnología
57406,Tecnología
61807,Tecnología
66825,Tecnología
60395,Tecnología
89241,Tecnología
68531,Tecnología
53628,Tecnología
91061,Tecnología
35771,Tecnología
66372,Tecnología
60855,Tecnología
27800,Tecnología
59307,Tecnología
43072,Tecnología
54425,Tecnología
65463,Tecnología
58385,Tecnología
91248,Tecnología
90769,Tecnología
43117,Tecnología
25326,Tecnología
2372,Tecnología
58094,Tecnología
58689,Tecnología
59058,Tecnología
65449,Tecnología
52749,Tecnología
88473,Tecnología
90014,Tecnología
63749,Juegos y Juguetes
16976,Tecnología
91358,Tecnología
94251,Tecnología
89289,Tecnología
66911,Tecnología
33162,Tecnología
30506,Tecnología
29653,Tecnología
91052,Tecnología
67414,Tecnología
61502,Tecnología
67765,Tecnología
62484,Tecnología
57407,Tecnología
57351,Tecnología
57339,Tecnología
48988,Tecnología
65315,Tecnología
42495,Tecnología
35284,Tecnología
58239,Tecnología
65940,Tecnología
32333,Tecnología
87796,Tecnología
29682,Tecnología
5740,Tecnología
54448,Tecnología
11523,Tecnología
42400,Tecnología
58854,Tecnología
16669,Tecnología
57408,Tecnología
30158,Tecnología
68399,Tecnología
67406,Tecnología
18218,Tecnología
29318,Tecnología
56223,Tecnología
61309,Tecnología
61312,Tecnología
90493,Tecnología
62312,Tecnología
61311,Tecnología
61308,Tecnología
61310,Tecnología
61404,Tecnología
16714,Tecnología
66669,Tecnología
42240,Tecnología
89423,Tecnología
60326,Tecnología
87658,Tecnología
53145,Tecnología
54787,Tecnología
64327,Tecnología
59040,Supermercado
62159,Supermercado
62162,Supermercado
87300,Tecnología
33348,Tecnología
66026,Tecnología
35019,Tecnología
46629,Tecnología
65000,Tecnología
87600,Tecnología
67488,Tecnología
67810,Tecnología
99048,Tecnología
39461,Tecnología
65122,Tecnología
64776,Tecnología
48154,Tecnología
36742,Tecnología
45469,Tecnología
64778,Tecnología
64779,Tecnología
90358,Tecnología
67646,Tecnología
5694,Tecnología
30824,Tecnología
47474,Tecnología
54354,Tecnología
62328,Tecnología
8342,Tecnología
32667,Tecnología
20181,Tecnología
893,Tecnología
894,Tecnología
59363,Supermercado
57301,Supermercado
89891,Supermercado
45504,Tecnología
57505,Supermercado
58858,Supermercado
59595,Supermercado
47344,Tecnología
46574,Tecnología
43115,Tecnología
33154,Tecnología
32240,Tecnología
37143,Tecnología
17736,Tecnología
46015,Tecnología
1670,Tecnología
48149,Tecnología
46259,Tecnología
16645,Tecnología
33720,Tecnología
17155,Tecnología
70338,Juegos y Juguetes
89991,Juegos y Juguetes
85927,Tecnología
72824,Juegos y Juguetes
79518,Juegos y Juguetes
89770,Tecnología
99417,Tecnología
100044,Tecnología
86101,Tecnología
74793,Inmuebles
78322,Tecnología
89773,Tecnología
80152,Tecnología
84966,Tecnología
87474,Tecnología
79213,Tecnología
80504,Tecnología
90228,Tecnología
99500,Tecnología
